year,series,value
1820,Green cards (lawful permanent residents),8390
1821,Green cards (lawful permanent residents),9130
1822,Green cards (lawful permanent residents),6910
1823,Green cards (lawful permanent residents),6350
1824,Green cards (lawful permanent residents),7910
1825,Green cards (lawful permanent residents),10200
1826,Green cards (lawful permanent residents),10840
1827,Green cards (lawful permanent residents),18880
1828,Green cards (lawful permanent residents),27380
1829,Green cards (lawful permanent residents),22520
1830,Green cards (lawful permanent residents),23320
1831,Green cards (lawful permanent residents),22630
1832,Green cards (lawful permanent residents),60480
1833,Green cards (lawful permanent residents),58640
1834,Green cards (lawful permanent residents),65370
1835,Green cards (lawful permanent residents),45370
1836,Green cards (lawful permanent residents),76240
1837,Green cards (lawful permanent residents),79340
1838,Green cards (lawful permanent residents),38910
1839,Green cards (lawful permanent residents),68070
1840,Green cards (lawful permanent residents),84070
1841,Green cards (lawful permanent residents),80290
1842,Green cards (lawful permanent residents),104570
1843,Green cards (lawful permanent residents),52500
1844,Green cards (lawful permanent residents),78620
1845,Green cards (lawful permanent residents),114370
1846,Green cards (lawful permanent residents),154420
1847,Green cards (lawful permanent residents),234970
1848,Green cards (lawful permanent residents),226530
1849,Green cards (lawful permanent residents),297020
1850,Green cards (lawful permanent residents),369980
1851,Green cards (lawful permanent residents),379470
1852,Green cards (lawful permanent residents),371600
1853,Green cards (lawful permanent residents),368650
1854,Green cards (lawful permanent residents),427830
1855,Green cards (lawful permanent residents),200880
1856,Green cards (lawful permanent residents),200440
1857,Green cards (lawful permanent residents),251310
1858,Green cards (lawful permanent residents),123130
1859,Green cards (lawful permanent residents),121280
1860,Green cards (lawful permanent residents),153640
1861,Green cards (lawful permanent residents),91920
1862,Green cards (lawful permanent residents),91990
1863,Green cards (lawful permanent residents),176280
1864,Green cards (lawful permanent residents),193420
1865,Green cards (lawful permanent residents),248120
1866,Green cards (lawful permanent residents),318570
1867,Green cards (lawful permanent residents),315720
1868,Green cards (lawful permanent residents),138840
1869,Green cards (lawful permanent residents),352770
1870,Green cards (lawful permanent residents),387200
1871,Green cards (lawful permanent residents),321350
1872,Green cards (lawful permanent residents),404810
1873,Green cards (lawful permanent residents),459800
1874,Green cards (lawful permanent residents),313340
1875,Green cards (lawful permanent residents),227500
1876,Green cards (lawful permanent residents),169990
1877,Green cards (lawful permanent residents),141860
1878,Green cards (lawful permanent residents),138470
1879,Green cards (lawful permanent residents),177830
1880,Green cards (lawful permanent residents),457260
1881,Green cards (lawful permanent residents),669430
1882,Green cards (lawful permanent residents),788990
1883,Green cards (lawful permanent residents),603320
1884,Green cards (lawful permanent residents),518590
1885,Green cards (lawful permanent residents),395350
1886,Green cards (lawful permanent residents),334200
1887,Green cards (lawful permanent residents),490110
1888,Green cards (lawful permanent residents),546890
1889,Green cards (lawful permanent residents),444430
1890,Green cards (lawful permanent residents),455300
1891,Green cards (lawful permanent residents),560320
1892,Green cards (lawful permanent residents),579660
1893,Green cards (lawful permanent residents),439730
1894,Green cards (lawful permanent residents),285630
1895,Green cards (lawful permanent residents),258540
1896,Green cards (lawful permanent residents),343270
1897,Green cards (lawful permanent residents),230830
1898,Green cards (lawful permanent residents),229300
1899,Green cards (lawful permanent residents),311720
1900,Green cards (lawful permanent residents),448570
1901,Green cards (lawful permanent residents),487920
1902,Green cards (lawful permanent residents),648740
1903,Green cards (lawful permanent residents),857050
1904,Green cards (lawful permanent residents),812870
1905,Green cards (lawful permanent residents),1026500
1906,Green cards (lawful permanent residents),1100740
1907,Green cards (lawful permanent residents),1285350
1908,Green cards (lawful permanent residents),782870
1909,Green cards (lawful permanent residents),751790
1910,Green cards (lawful permanent residents),1041570
1911,Green cards (lawful permanent residents),878590
1912,Green cards (lawful permanent residents),838170
1913,Green cards (lawful permanent residents),1197890
1914,Green cards (lawful permanent residents),1218480
1915,Green cards (lawful permanent residents),326700
1916,Green cards (lawful permanent residents),298830
1917,Green cards (lawful permanent residents),295400
1918,Green cards (lawful permanent residents),110620
1919,Green cards (lawful permanent residents),141130
1920,Green cards (lawful permanent residents),430000
1921,Green cards (lawful permanent residents),805230
1922,Green cards (lawful permanent residents),309560
1923,Green cards (lawful permanent residents),522920
1924,Green cards (lawful permanent residents),706900
1925,Green cards (lawful permanent residents),294310
1926,Green cards (lawful permanent residents),304490
1927,Green cards (lawful permanent residents),335180
1928,Green cards (lawful permanent residents),307260
1929,Green cards (lawful permanent residents),279680
1930,Green cards (lawful permanent residents),241700
1931,Green cards (lawful permanent residents),97140
1932,Green cards (lawful permanent residents),35580
1933,Green cards (lawful permanent residents),23070
1934,Green cards (lawful permanent residents),29470
1935,Green cards (lawful permanent residents),34960
1936,Green cards (lawful permanent residents),36330
1937,Green cards (lawful permanent residents),50240
1938,Green cards (lawful permanent residents),67900
1939,Green cards (lawful permanent residents),83000
1940,Green cards (lawful permanent residents),70760
1941,Green cards (lawful permanent residents),51780
1942,Green cards (lawful permanent residents),28780
1943,Green cards (lawful permanent residents),23730
1944,Green cards (lawful permanent residents),28550
1945,Green cards (lawful permanent residents),38120
1946,Green cards (lawful permanent residents),108720
1947,Green cards (lawful permanent residents),147290
1948,Green cards (lawful permanent residents),170570
1949,Green cards (lawful permanent residents),188320
1950,Green cards (lawful permanent residents),249190
1951,Green cards (lawful permanent residents),205720
1952,Green cards (lawful permanent residents),265520
1953,Green cards (lawful permanent residents),170430
1954,Green cards (lawful permanent residents),208180
1955,Green cards (lawful permanent residents),237790
1956,Green cards (lawful permanent residents),321630
1957,Green cards (lawful permanent residents),326870
1958,Green cards (lawful permanent residents),253270
1959,Green cards (lawful permanent residents),260690
1960,Green cards (lawful permanent residents),265400
1961,Green cards (lawful permanent residents),271340
1962,Green cards (lawful permanent residents),283760
1963,Green cards (lawful permanent residents),306260
1964,Green cards (lawful permanent residents),292250
1965,Green cards (lawful permanent residents),296700
1966,Green cards (lawful permanent residents),323040
1967,Green cards (lawful permanent residents),361970
1968,Green cards (lawful permanent residents),454450
1969,Green cards (lawful permanent residents),358580
1970,Green cards (lawful permanent residents),373330
1971,Green cards (lawful permanent residents),370480
1972,Green cards (lawful permanent residents),384690
1973,Green cards (lawful permanent residents),398520
1974,Green cards (lawful permanent residents),393920
1975,Green cards (lawful permanent residents),385380
1976,Green cards (lawful permanent residents),499090
1977,Green cards (lawful permanent residents),458760
1978,Green cards (lawful permanent residents),589810
1979,Green cards (lawful permanent residents),394240
1980,Green cards (lawful permanent residents),524300
1981,Green cards (lawful permanent residents),595010
1982,Green cards (lawful permanent residents),533620
1983,Green cards (lawful permanent residents),550050
1984,Green cards (lawful permanent residents),541810
1985,Green cards (lawful permanent residents),568150
1986,Green cards (lawful permanent residents),600030
1987,Green cards (lawful permanent residents),599890
1988,Green cards (lawful permanent residents),641350
1989,Green cards (lawful permanent residents),1090170
1990,Green cards (lawful permanent residents),1535870
1991,Green cards (lawful permanent residents),1826600
1992,Green cards (lawful permanent residents),973450
1993,Green cards (lawful permanent residents),903920
1994,Green cards (lawful permanent residents),803990
1995,Green cards (lawful permanent residents),720180
1996,Green cards (lawful permanent residents),915560
1997,Green cards (lawful permanent residents),797850
1998,Green cards (lawful permanent residents),653210
1999,Green cards (lawful permanent residents),644790
2000,Green cards (lawful permanent residents),841000
2001,Green cards (lawful permanent residents),1058900
2002,Green cards (lawful permanent residents),1059360
2003,Green cards (lawful permanent residents),703540
2004,Green cards (lawful permanent residents),957880
2005,Green cards (lawful permanent residents),1122260
2006,Green cards (lawful permanent residents),1266130
2007,Green cards (lawful permanent residents),1052420
2008,Green cards (lawful permanent residents),1107130
2009,Green cards (lawful permanent residents),1130820
2010,Green cards (lawful permanent residents),1042630
2011,Green cards (lawful permanent residents),1062040
2012,Green cards (lawful permanent residents),1031630
2013,Green cards (lawful permanent residents),990550
2014,Green cards (lawful permanent residents),1016520
2015,Green cards (lawful permanent residents),1051030
2016,Green cards (lawful permanent residents),1183510
2017,Green cards (lawful permanent residents),1127170
2018,Green cards (lawful permanent residents),1096610
2019,Green cards (lawful permanent residents),1031770
2020,Green cards (lawful permanent residents),707360
2021,Green cards (lawful permanent residents),740000
2022,Green cards (lawful permanent residents),1018350
2023,Green cards (lawful permanent residents),1172910
2024,Green cards (lawful permanent residents),1364090
1907,Naturalization applications filed,21110
1908,Naturalization applications filed,44030
1909,Naturalization applications filed,43140
1910,Naturalization applications filed,55750
1911,Naturalization applications filed,74740
1912,Naturalization applications filed,95660
1913,Naturalization applications filed,95380
1914,Naturalization applications filed,124480
1915,Naturalization applications filed,106400
1916,Naturalization applications filed,108770
1917,Naturalization applications filed,130870
1918,Naturalization applications filed,169510
1919,Naturalization applications filed,256860
1920,Naturalization applications filed,218730
1921,Naturalization applications filed,195530
1922,Naturalization applications filed,162640
1923,Naturalization applications filed,165170
1924,Naturalization applications filed,177120
1925,Naturalization applications filed,162260
1926,Naturalization applications filed,172230
1927,Naturalization applications filed,240340
1928,Naturalization applications filed,240320
1929,Naturalization applications filed,255520
1930,Naturalization applications filed,113150
1931,Naturalization applications filed,145470
1932,Naturalization applications filed,131060
1933,Naturalization applications filed,112630
1934,Naturalization applications filed,117130
1935,Naturalization applications filed,131380
1936,Naturalization applications filed,167130
1937,Naturalization applications filed,165460
1938,Naturalization applications filed,175410
1939,Naturalization applications filed,213410
1940,Naturalization applications filed,278030
1941,Naturalization applications filed,277810
1942,Naturalization applications filed,343490
1943,Naturalization applications filed,377130
1944,Naturalization applications filed,325720
1945,Naturalization applications filed,195920
1946,Naturalization applications filed,123860
1947,Naturalization applications filed,88800
1948,Naturalization applications filed,68270
1949,Naturalization applications filed,71040
1950,Naturalization applications filed,66040
1951,Naturalization applications filed,61630
1952,Naturalization applications filed,94090
1953,Naturalization applications filed,98130
1954,Naturalization applications filed,130720
1955,Naturalization applications filed,213510
1956,Naturalization applications filed,137700
1957,Naturalization applications filed,140550
1958,Naturalization applications filed,117340
1959,Naturalization applications filed,109270
1960,Naturalization applications filed,127540
1961,Naturalization applications filed,138720
1962,Naturalization applications filed,129680
1963,Naturalization applications filed,121170
1964,Naturalization applications filed,113220
1965,Naturalization applications filed,106810
1966,Naturalization applications filed,104850
1967,Naturalization applications filed,108370
1968,Naturalization applications filed,103090
1969,Naturalization applications filed,102320
1970,Naturalization applications filed,114760
1971,Naturalization applications filed,109900
1972,Naturalization applications filed,121880
1973,Naturalization applications filed,126930
1974,Naturalization applications filed,136180
1975,Naturalization applications filed,149400
1976,Naturalization applications filed,199150
1977,Naturalization applications filed,186350
1978,Naturalization applications filed,168850
1979,Naturalization applications filed,165430
1980,Naturalization applications filed,192230
1981,Naturalization applications filed,171070
1982,Naturalization applications filed,201510
1983,Naturalization applications filed,187720
1984,Naturalization applications filed,286440
1985,Naturalization applications filed,305980
1986,Naturalization applications filed,290730
1987,Naturalization applications filed,232990
1988,Naturalization applications filed,237750
1989,Naturalization applications filed,227690
1990,Naturalization applications filed,233840
1991,Naturalization applications filed,206670
1992,Naturalization applications filed,342240
1993,Naturalization applications filed,521870
1994,Naturalization applications filed,543350
1995,Naturalization applications filed,959960
1996,Naturalization applications filed,1277400
1997,Naturalization applications filed,1412710
1998,Naturalization applications filed,932960
1999,Naturalization applications filed,765350
2000,Naturalization applications filed,460920
2001,Naturalization applications filed,501640
2002,Naturalization applications filed,700650
2003,Naturalization applications filed,523370
2004,Naturalization applications filed,662800
2005,Naturalization applications filed,602970
2006,Naturalization applications filed,730640
2007,Naturalization applications filed,1382990
2008,Naturalization applications filed,525790
2009,Naturalization applications filed,570440
2010,Naturalization applications filed,710540
2011,Naturalization applications filed,756010
2012,Naturalization applications filed,899160
2013,Naturalization applications filed,772620
2014,Naturalization applications filed,773820
2015,Naturalization applications filed,783060
2016,Naturalization applications filed,972150
2017,Naturalization applications filed,986850
2018,Naturalization applications filed,837170
2019,Naturalization applications filed,830560
2020,Naturalization applications filed,967760
2021,Naturalization applications filed,789120
2022,Naturalization applications filed,781080
2023,Naturalization applications filed,827610
2024,Naturalization applications filed,994130
1907,Naturalizations,7940
1908,Naturalizations,25980
1909,Naturalizations,38370
1910,Naturalizations,39450
1911,Naturalizations,56680
1912,Naturalizations,70310
1913,Naturalizations,83560
1914,Naturalizations,104150
1915,Naturalizations,91850
1916,Naturalizations,87830
1917,Naturalizations,88100
1918,Naturalizations,151450
1919,Naturalizations,217360
1920,Naturalizations,177680
1921,Naturalizations,181290
1922,Naturalizations,170450
1923,Naturalizations,145080
1924,Naturalizations,150510
1925,Naturalizations,152460
1926,Naturalizations,146330
1927,Naturalizations,199800
1928,Naturalizations,233160
1929,Naturalizations,224730
1930,Naturalizations,169380
1931,Naturalizations,143500
1932,Naturalizations,136600
1933,Naturalizations,113360
1934,Naturalizations,113670
1935,Naturalizations,118950
1936,Naturalizations,141270
1937,Naturalizations,164980
1938,Naturalizations,162080
1939,Naturalizations,188810
1940,Naturalizations,235260
1941,Naturalizations,277290
1942,Naturalizations,270360
1943,Naturalizations,318930
1944,Naturalizations,441980
1945,Naturalizations,231400
1946,Naturalizations,150060
1947,Naturalizations,93900
1948,Naturalizations,70150
1949,Naturalizations,66590
1950,Naturalizations,66350
1951,Naturalizations,54720
1952,Naturalizations,88660
1953,Naturalizations,92050
1954,Naturalizations,117830
1955,Naturalizations,209530
1956,Naturalizations,145890
1957,Naturalizations,138040
1958,Naturalizations,119870
1959,Naturalizations,103930
1960,Naturalizations,119440
1961,Naturalizations,132450
1962,Naturalizations,127310
1963,Naturalizations,124180
1964,Naturalizations,112230
1965,Naturalizations,104300
1966,Naturalizations,103060
1967,Naturalizations,104900
1968,Naturalizations,102730
1969,Naturalizations,98710
1970,Naturalizations,110400
1971,Naturalizations,108410
1972,Naturalizations,116220
1973,Naturalizations,120400
1974,Naturalizations,131150
1975,Naturalizations,140750
1976,Naturalizations,189990
1977,Naturalizations,159870
1978,Naturalizations,171970
1979,Naturalizations,163110
1980,Naturalizations,156630
1981,Naturalizations,164390
1982,Naturalizations,141000
1983,Naturalizations,178420
1984,Naturalizations,195860
1985,Naturalizations,242450
1986,Naturalizations,279500
1987,Naturalizations,223250
1988,Naturalizations,240780
1989,Naturalizations,232660
1990,Naturalizations,267590
1991,Naturalizations,307390
1992,Naturalizations,239660
1993,Naturalizations,313590
1994,Naturalizations,429120
1995,Naturalizations,485720
1996,Naturalizations,1040990
1997,Naturalizations,596010
1998,Naturalizations,461170
1999,Naturalizations,837420
2000,Naturalizations,886030
2001,Naturalizations,606260
2002,Naturalizations,572650
2003,Naturalizations,462440
2004,Naturalizations,537150
2005,Naturalizations,604280
2006,Naturalizations,702590
2007,Naturalizations,660480
2008,Naturalizations,1046540
2009,Naturalizations,743720
2010,Naturalizations,619910
2011,Naturalizations,694190
2012,Naturalizations,757430
2013,Naturalizations,779930
2014,Naturalizations,653420
2015,Naturalizations,730260
2016,Naturalizations,753060
2017,Naturalizations,707270
2018,Naturalizations,761900
2019,Naturalizations,843590
2020,Naturalizations,628250
2021,Naturalizations,813860
2022,Naturalizations,969380
2023,Naturalizations,878460
2024,Naturalizations,818570
1980,Refugee arrivals,207120
1981,Refugee arrivals,159250
1982,Refugee arrivals,98100
1983,Refugee arrivals,61220
1984,Refugee arrivals,70390
1985,Refugee arrivals,67700
1986,Refugee arrivals,62150
1987,Refugee arrivals,64530
1988,Refugee arrivals,76480
1989,Refugee arrivals,107070
1990,Refugee arrivals,122070
1991,Refugee arrivals,113390
1992,Refugee arrivals,115550
1993,Refugee arrivals,114180
1994,Refugee arrivals,111680
1995,Refugee arrivals,98970
1996,Refugee arrivals,75420
1997,Refugee arrivals,69650
1998,Refugee arrivals,76710
1999,Refugee arrivals,85290
2000,Refugee arrivals,72170
2001,Refugee arrivals,68920
2002,Refugee arrivals,26790
2003,Refugee arrivals,28290
2004,Refugee arrivals,52840
2005,Refugee arrivals,53740
2006,Refugee arrivals,41090
2007,Refugee arrivals,48220
2008,Refugee arrivals,60110
2009,Refugee arrivals,74600
2010,Refugee arrivals,73290
2011,Refugee arrivals,56380
2012,Refugee arrivals,58180
2013,Refugee arrivals,69910
2014,Refugee arrivals,69980
2015,Refugee arrivals,69920
2016,Refugee arrivals,84990
2017,Refugee arrivals,53690
2018,Refugee arrivals,22410
2019,Refugee arrivals,29920
2020,Refugee arrivals,11840
2021,Refugee arrivals,11450
2022,Refugee arrivals,25520
2023,Refugee arrivals,60050
2024,Refugee arrivals,100060
