year,population,foreign_born,naturalized,recent_arrivals,records,born_mexico,born_central_america,born_caribbean,born_south_america,born_canada_and_other_northern_america,born_europe,born_asia,born_africa,born_oceania,born_other_or_not_specified,pct_foreign_born
1994,259752595.0,22568385.0,6975259.0,0.0,14182,6263714.0,1523334.0,2226866.0,904761.0,679027.0,3349002.0,4487026.0,0.0,0.0,3134655.0,8.69
1995,262104729.0,22989452.0,7098280.0,0.0,14968,6719136.0,1485783.0,2343376.0,1203313.0,677060.0,3947024.0,4717476.0,263950.0,66349.0,1565985.0,8.77
1996,264314164.0,24557037.0,7904354.0,0.0,13247,6679364.0,1700984.0,2498989.0,1295319.0,667054.0,4078205.0,6619583.0,531678.0,105015.0,380848.0,9.29
1997,266792407.0,25778513.0,9042615.0,0.0,13835,7017475.0,1751496.0,2777083.0,1529934.0,549553.0,4244741.0,6874143.0,558297.0,175550.0,300242.0,9.66
1998,269093736.0,26281110.0,9738963.0,0.0,14024,7118979.0,1801351.0,2822673.0,1609015.0,645346.0,4316216.0,7041745.0,522220.0,142365.0,261200.0,9.77
1999,271742834.0,26447724.0,9868441.0,0.0,14076,7197329.0,1818806.0,2779006.0,1601607.0,696931.0,4221655.0,7187124.0,520018.0,136373.0,288874.0,9.73
2000,274087002.0,28379233.0,10621537.0,0.0,15424,7841142.0,1947758.0,2812567.0,1876030.0,697889.0,4303120.0,7297325.0,700626.0,147420.0,755355.0,10.35
2001,279517360.0,31811022.0,11785206.0,0.0,22944,8855217.0,2210318.0,2899460.0,2022462.0,736114.0,4412268.0,8572735.0,778965.0,179223.0,1144260.0,11.38
2002,282081971.0,32452504.0,11961903.0,0.0,23402,9659095.0,2160189.0,3101991.0,2021936.0,808872.0,4476555.0,8352424.0,787819.0,159625.0,923997.0,11.5
2003,285933410.0,33470727.0,12836659.0,0.0,23506,9966859.0,2378777.0,3373228.0,2120767.0,729609.0,4451897.0,8512540.0,787893.0,142771.0,1006386.0,11.71
2004,288280465.0,34243932.0,13128261.0,0.0,23742,10452771.0,2471532.0,3322955.0,2066466.0,694385.0,4559789.0,8786119.0,752898.0,153682.0,983334.0,11.88
2005,291166198.0,35214460.0,13507340.0,0.0,23571,10830876.0,2643019.0,3220757.0,2239225.0,699959.0,4462001.0,9033127.0,907821.0,174695.0,1002980.0,12.09
2006,293834358.0,35659088.0,13883664.0,0.0,24492,10896626.0,2806826.0,3169079.0,2407954.0,696687.0,4270259.0,9308844.0,1107420.0,154845.0,840548.0,12.14
2007,296824002.0,37279292.0,14538143.0,0.0,25009,11569869.0,2597545.0,3377591.0,2724736.0,700448.0,4512782.0,9867973.0,1206189.0,167560.0,554598.0,12.56
2008,299105719.0,37263573.0,15049720.0,0.0,25203,11620809.0,2611236.0,3405546.0,2408541.0,700673.0,4551446.0,10069780.0,1412012.0,166235.0,317293.0,12.46
2009,301482827.0,36749643.0,15475355.0,0.0,25082,11615315.0,2582059.0,3335369.0,2351016.0,599850.0,4459213.0,10037587.0,1488380.0,212303.0,68552.0,12.19
2010,304281698.0,38546387.0,16461709.0,0.0,26258,11714891.0,2845343.0,3738453.0,2392702.0,608210.0,4487104.0,10823106.0,1598280.0,264387.0,73912.0,12.67
2011,306553211.0,39431782.0,17347742.0,0.0,26194,11579851.0,3048301.0,3776507.0,2550044.0,688482.0,4649132.0,11288968.0,1529892.0,237707.0,82898.0,12.86
2012,308827259.0,39976057.0,17934074.0,0.0,26173,11623315.0,2976435.0,3821741.0,2616964.0,749865.0,4545549.0,11587307.0,1732006.0,223136.0,99739.0,12.94
2013,311116170.0,40106549.0,18200318.0,0.0,26207,11508107.0,3196967.0,3850334.0,2501796.0,668263.0,4441297.0,11762821.0,1819394.0,221931.0,135639.0,12.89
2014,626838616.0,81681710.0,38396595.0,0.0,26182,22514539.0,6562943.0,8448436.0,4716736.0,1171614.0,8762753.0,24389305.0,4375660.0,441209.0,298515.0,13.03
2015,316167949.0,42183970.0,19732639.0,0.0,26156,11905637.0,3482103.0,4126824.0,2598342.0,578240.0,4304874.0,12602312.0,2228088.0,232248.0,125304.0,13.34
2016,318868490.0,43070412.0,20086006.0,0.0,24279,11713405.0,3643282.0,4136080.0,2973194.0,602543.0,4523124.0,12832144.0,2308811.0,194825.0,143003.0,13.51
2017,320371997.0,43853964.0,20409167.0,0.0,25070,11834383.0,3601792.0,4303262.0,3089791.0,617947.0,4287532.0,13486072.0,2173168.0,326237.0,133780.0,13.69
2018,323156083.0,45408307.0,21854002.0,0.0,24729,11948107.0,3436748.0,4551003.0,3262105.0,612838.0,4596985.0,14125633.0,2490708.0,271585.0,112596.0,14.05
2019,324355841.0,45820155.0,22296432.0,0.0,24756,12060264.0,3567649.0,4739857.0,3352963.0,651726.0,4522081.0,13864594.0,2658551.0,282930.0,119540.0,14.13
2020,327601105.0,45219372.0,22859805.0,0.0,20870,11245024.0,3855807.0,4559140.0,3567288.0,664302.0,4214717.0,13949516.0,2790104.0,283327.0,90149.0,13.8
2021,328059480.0,45174182.0,22803487.0,0.0,21677,11702253.0,3780543.0,4866672.0,3508937.0,696623.0,4169411.0,13527071.0,2545909.0,265652.0,111111.0,13.77
2022,328721881.0,46855784.0,22877140.0,0.0,21071,11971858.0,4186838.0,4950438.0,3925990.0,600450.0,4418786.0,13953346.0,2484866.0,227904.0,135308.0,14.25
2023,330631702.0,48777674.0,23934629.0,0.0,21157,11705814.0,4738279.0,4997257.0,4308248.0,656159.0,4373932.0,14736227.0,2780133.0,301120.0,180505.0,14.75
2024,332382485.0,51276742.0,24864759.0,0.0,21851,12375112.0,5015920.0,5336557.0,4797959.0,668607.0,4357513.0,15253359.0,3042683.0,313620.0,115412.0,15.43
2025,337689642.0,53118195.0,25765121.0,0.0,21743,12231214.0,5001633.0,5814905.0,5062406.0,674416.0,4567490.0,16136350.0,3120063.0,291834.0,217884.0,15.73
