fiscal_year,group,class,new_arrivals,adjustments,total
2015,Diversity lottery,Diversity lottery,46640,1290,47930
2015,Employment-based preferences,Advanced-degree professionals (EB-2),1780,42560,44340
2015,Employment-based preferences,Investors (EB-5),9200,990,10190
2015,Employment-based preferences,Priority workers (EB-1),1750,39940,41690
2015,Employment-based preferences,Skilled and other workers (EB-3),7550,29700,37240
2015,Employment-based preferences,Special immigrants (EB-4),1620,8970,10580
2015,Family-sponsored preferences,Married children of citizens (F3),21720,2560,24270
2015,Family-sponsored preferences,Siblings of citizens (F4),55280,4930,60210
2015,Family-sponsored preferences,Spouses and children of green-card holders (F2),97860,7030,104890
2015,Family-sponsored preferences,Unmarried adult children of citizens (F1),21980,2560,24530
2015,Immediate relatives of citizens,Children of citizens,50670,16480,67140
2015,Immediate relatives of citizens,Parents of citizens,76630,56330,132960
2015,Immediate relatives of citizens,Spouses of citizens,104790,160580,265370
2015,Other classes,Cancellation of removal,0,4710,4710
2015,Other classes,Crime victims (U visa),30,14110,14140
2015,Other classes,Iraqi and Afghan U.S. government employees,7020,30,7050
2015,Other classes,Other,520,260,780
2015,Other classes,Parolees,0,20,20
2015,Other classes,Trafficking victims (T visa),0,970,970
2015,Refugees and asylees,Asylees,0,33560,33560
2015,Refugees and asylees,Refugees,0,118430,118430
2016,Diversity lottery,Diversity lottery,48790,1070,49870
2016,Employment-based preferences,Advanced-degree professionals (EB-2),2290,36570,38860
2016,Employment-based preferences,Investors (EB-5),8470,1400,9860
2016,Employment-based preferences,Priority workers (EB-1),2370,40490,42860
2016,Employment-based preferences,Skilled and other workers (EB-3),9010,26930,35930
2016,Employment-based preferences,Special immigrants (EB-4),1740,8640,10380
2016,Family-sponsored preferences,Married children of citizens (F3),25280,2110,27390
2016,Family-sponsored preferences,Siblings of citizens (F4),62920,4440,67360
2016,Family-sponsored preferences,Spouses and children of green-card holders (F2),114410,6860,121270
2016,Family-sponsored preferences,Unmarried adult children of citizens (F1),20050,2030,22070
2016,Immediate relatives of citizens,Children of citizens,70560,18020,88580
2016,Immediate relatives of citizens,Parents of citizens,104220,69640,173850
2016,Immediate relatives of citizens,Spouses of citizens,130610,173750,304360
2016,Other classes,Cancellation of removal,0,3450,3450
2016,Other classes,Crime victims (U visa),40,16150,16180
2016,Other classes,Iraqi and Afghan U.S. government employees,12140,20,12150
2016,Other classes,Other,360,200,570
2016,Other classes,Parolees,0,20,20
2016,Other classes,Trafficking victims (T visa),0,1070,1070
2016,Refugees and asylees,Asylees,0,37210,37210
2016,Refugees and asylees,Refugees,0,120220,120220
2017,Diversity lottery,Diversity lottery,50640,960,51590
2017,Employment-based preferences,Advanced-degree professionals (EB-2),3070,36270,39330
2017,Employment-based preferences,Investors (EB-5),8250,1630,9880
2017,Employment-based preferences,Priority workers (EB-1),2530,38530,41060
2017,Employment-based preferences,Skilled and other workers (EB-3),8650,29430,38080
2017,Employment-based preferences,Special immigrants (EB-4),1840,7670,9500
2017,Family-sponsored preferences,Married children of citizens (F3),21130,2130,23260
2017,Family-sponsored preferences,Siblings of citizens (F4),65570,3690,69260
2017,Family-sponsored preferences,Spouses and children of green-card holders (F2),107520,5980,113500
2017,Family-sponsored preferences,Unmarried adult children of citizens (F1),24190,2030,26220
2017,Immediate relatives of citizens,Children of citizens,57810,17260,75070
2017,Immediate relatives of citizens,Parents of citizens,89260,59350,148610
2017,Immediate relatives of citizens,Spouses of citizens,113560,179350,292910
2017,Other classes,Cancellation of removal,0,3540,3540
2017,Other classes,Crime victims (U visa),70,17990,18070
2017,Other classes,Iraqi and Afghan U.S. government employees,19140,50,19190
2017,Other classes,Other,550,210,760
2017,Other classes,Parolees,0,30,30
2017,Other classes,Trafficking victims (T visa),0,1320,1320
2017,Refugees and asylees,Asylees,0,25650,25650
2017,Refugees and asylees,Refugees,0,120360,120360
2018,Diversity lottery,Diversity lottery,44210,1140,45350
2018,Employment-based preferences,Advanced-degree professionals (EB-2),3090,37010,40100
2018,Employment-based preferences,Investors (EB-5),7920,1700,9620
2018,Employment-based preferences,Priority workers (EB-1),3960,35560,39510
2018,Employment-based preferences,Skilled and other workers (EB-3),10480,28750,39230
2018,Employment-based preferences,Special immigrants (EB-4),1780,7940,9710
2018,Family-sponsored preferences,Married children of citizens (F3),17970,1560,19530
2018,Family-sponsored preferences,Siblings of citizens (F4),55270,4670,59940
2018,Family-sponsored preferences,Spouses and children of green-card holders (F2),105360,4480,109840
2018,Family-sponsored preferences,Unmarried adult children of citizens (F1),25230,2020,27250
2018,Immediate relatives of citizens,Children of citizens,49570,17290,66860
2018,Immediate relatives of citizens,Parents of citizens,78490,65530,144020
2018,Immediate relatives of citizens,Spouses of citizens,109730,158420,268150
2018,Other classes,Cancellation of removal,0,4420,4420
2018,Other classes,Crime victims (U visa),100,14910,15010
2018,Other classes,Iraqi and Afghan U.S. government employees,10270,30,10300
2018,Other classes,Other,470,170,640
2018,Other classes,Parolees,0,10,10
2018,Other classes,Trafficking victims (T visa),0,1210,1210
2018,Refugees and asylees,Asylees,0,30180,30180
2018,Refugees and asylees,Refugees,0,155730,155730
2019,Diversity lottery,Diversity lottery,42440,1030,43460
2019,Employment-based preferences,Advanced-degree professionals (EB-2),3360,36150,39510
2019,Employment-based preferences,Investors (EB-5),7470,1610,9090
2019,Employment-based preferences,Priority workers (EB-1),2150,37320,39470
2019,Employment-based preferences,Skilled and other workers (EB-3),13450,28330,41790
2019,Employment-based preferences,Special immigrants (EB-4),2010,7600,9610
2019,Family-sponsored preferences,Married children of citizens (F3),22850,2360,25210
2019,Family-sponsored preferences,Siblings of citizens (F4),56020,5010,61030
2019,Family-sponsored preferences,Spouses and children of green-card holders (F2),85020,8380,93400
2019,Family-sponsored preferences,Unmarried adult children of citizens (F1),20780,3720,24500
2019,Immediate relatives of citizens,Children of citizens,40150,21210,61360
2019,Immediate relatives of citizens,Parents of citizens,65240,74890,140130
2019,Immediate relatives of citizens,Spouses of citizens,84260,220070,304330
2019,Other classes,Cancellation of removal,0,4030,4030
2019,Other classes,Crime victims (U visa),120,18330,18440
2019,Other classes,Iraqi and Afghan U.S. government employees,8060,20,8080
2019,Other classes,Other,350,230,580
2019,Other classes,Parolees,0,20,20
2019,Other classes,Trafficking victims (T visa),0,820,820
2019,Refugees and asylees,Asylees,0,26000,26000
2019,Refugees and asylees,Refugees,0,80910,80910
2020,Diversity lottery,Diversity lottery,24160,870,25030
2020,Employment-based preferences,Advanced-degree professionals (EB-2),2400,41260,43670
2020,Employment-based preferences,Investors (EB-5),2770,1210,3980
2020,Employment-based preferences,Priority workers (EB-1),1280,46100,47390
2020,Employment-based preferences,Skilled and other workers (EB-3),7400,35820,43220
2020,Employment-based preferences,Special immigrants (EB-4),1360,9340,10700
2020,Family-sponsored preferences,Married children of citizens (F3),12470,1460,13930
2020,Family-sponsored preferences,Siblings of citizens (F4),41800,2740,44550
2020,Family-sponsored preferences,Spouses and children of green-card holders (F2),44190,7510,51700
2020,Family-sponsored preferences,Unmarried adult children of citizens (F1),9130,2250,11380
2020,Immediate relatives of citizens,Children of citizens,23010,14400,37410
2020,Immediate relatives of citizens,Parents of citizens,32710,55340,88050
2020,Immediate relatives of citizens,Spouses of citizens,55380,140340,195720
2020,Other classes,Cancellation of removal,0,3690,3690
2020,Other classes,Crime victims (U visa),50,11890,11940
2020,Other classes,Iraqi and Afghan U.S. government employees,9730,0,9730
2020,Other classes,Other,290,240,530
2020,Other classes,Parolees,0,10,10
2020,Other classes,Trafficking victims (T visa),0,870,870
2020,Refugees and asylees,Asylees,0,19470,19470
2020,Refugees and asylees,Refugees,0,44400,44400
2021,Diversity lottery,Diversity lottery,13560,1590,15150
2021,Employment-based preferences,Advanced-degree professionals (EB-2),970,58870,59830
2021,Employment-based preferences,Investors (EB-5),1680,960,2640
2021,Employment-based preferences,Priority workers (EB-1),790,60660,61450
2021,Employment-based preferences,Skilled and other workers (EB-3),10700,43400,54100
2021,Employment-based preferences,Special immigrants (EB-4),2140,13170,15320
2021,Family-sponsored preferences,Married children of citizens (F3),4780,1850,6630
2021,Family-sponsored preferences,Siblings of citizens (F4),10710,2390,13100
2021,Family-sponsored preferences,Spouses and children of green-card holders (F2),24410,14720,39130
2021,Family-sponsored preferences,Unmarried adult children of citizens (F1),4300,2540,6840
2021,Immediate relatives of citizens,Children of citizens,35610,17530,53140
2021,Immediate relatives of citizens,Parents of citizens,29820,50690,80520
2021,Immediate relatives of citizens,Spouses of citizens,79220,172610,251830
2021,Other classes,Cancellation of removal,0,5020,5020
2021,Other classes,Crime victims (U visa),40,9220,9260
2021,Other classes,Iraqi and Afghan U.S. government employees,8270,40,8300
2021,Other classes,Other,230,200,430
2021,Other classes,Parolees,0,10,10
2021,Other classes,Trafficking victims (T visa),0,940,940
2021,Refugees and asylees,Asylees,0,20550,20550
2021,Refugees and asylees,Refugees,0,35850,35850
2022,Diversity lottery,Diversity lottery,41670,1570,43230
2022,Employment-based preferences,Advanced-degree professionals (EB-2),5210,103880,109080
2022,Employment-based preferences,Investors (EB-5),3890,4000,7880
2022,Employment-based preferences,Priority workers (EB-1),6090,47340,53430
2022,Employment-based preferences,Skilled and other workers (EB-3),30100,49260,79360
2022,Employment-based preferences,Special immigrants (EB-4),3630,16900,20530
2022,Family-sponsored preferences,Married children of citizens (F3),15740,1710,17450
2022,Family-sponsored preferences,Siblings of citizens (F4),39400,1570,40970
2022,Family-sponsored preferences,Spouses and children of green-card holders (F2),82100,7750,89860
2022,Family-sponsored preferences,Unmarried adult children of citizens (F1),16370,1390,17760
2022,Immediate relatives of citizens,Children of citizens,42760,14470,57220
2022,Immediate relatives of citizens,Parents of citizens,80730,51780,132510
2022,Immediate relatives of citizens,Spouses of citizens,87180,151450,238630
2022,Other classes,Cancellation of removal,0,4160,4160
2022,Other classes,Crime victims (U visa),80,9870,9950
2022,Other classes,Iraqi and Afghan U.S. government employees,10440,1470,11910
2022,Other classes,Other,340,270,610
2022,Other classes,Parolees,0,10,10
2022,Other classes,Trafficking victims (T visa),0,710,710
2022,Refugees and asylees,Asylees,0,53660,53660
2022,Refugees and asylees,Refugees,0,29420,29420
2023,Diversity lottery,Diversity lottery,66430,930,67350
2023,Employment-based preferences,Advanced-degree professionals (EB-2),5700,50090,55790
2023,Employment-based preferences,Investors (EB-5),10440,1480,11930
2023,Employment-based preferences,Priority workers (EB-1),4960,52180,57140
2023,Employment-based preferences,Skilled and other workers (EB-3),27170,30140,57310
2023,Employment-based preferences,Special immigrants (EB-4),1620,12980,14600
2023,Family-sponsored preferences,Married children of citizens (F3),17340,1830,19180
2023,Family-sponsored preferences,Siblings of citizens (F4),42720,2100,44820
2023,Family-sponsored preferences,Spouses and children of green-card holders (F2),110860,5700,116560
2023,Family-sponsored preferences,Unmarried adult children of citizens (F1),22380,1310,23690
2023,Immediate relatives of citizens,Children of citizens,48270,19490,67760
2023,Immediate relatives of citizens,Parents of citizens,102660,105690,208350
2023,Immediate relatives of citizens,Spouses of citizens,85440,190650,276080
2023,Other classes,Cancellation of removal,0,4900,4900
2023,Other classes,Crime victims (U visa),100,19620,19720
2023,Other classes,Iraqi and Afghan U.S. government employees,17900,8530,26430
2023,Other classes,Other,680,460,1140
2023,Other classes,Parolees,0,10,10
2023,Other classes,Trafficking victims (T visa),0,800,800
2023,Refugees and asylees,Asylees,0,40330,40330
2023,Refugees and asylees,Refugees,0,59030,59030
2024,Diversity lottery,Diversity lottery,48650,1240,49890
2024,Employment-based preferences,Advanced-degree professionals (EB-2),10330,36260,46580
2024,Employment-based preferences,Investors (EB-5),11320,3220,14540
2024,Employment-based preferences,Priority workers (EB-1),5090,41900,46990
2024,Employment-based preferences,Skilled and other workers (EB-3),23450,25100,48550
2024,Employment-based preferences,Special immigrants (EB-4),2530,11940,14460
2024,Family-sponsored preferences,Married children of citizens (F3),19980,2020,22000
2024,Family-sponsored preferences,Siblings of citizens (F4),54130,2490,56620
2024,Family-sponsored preferences,Spouses and children of green-card holders (F2),83410,4010,87430
2024,Family-sponsored preferences,Unmarried adult children of citizens (F1),20250,1890,22140
2024,Immediate relatives of citizens,Children of citizens,52820,24570,77390
2024,Immediate relatives of citizens,Parents of citizens,118300,134270,252570
2024,Immediate relatives of citizens,Spouses of citizens,98830,244170,343000
2024,Other classes,Cancellation of removal,0,4330,4330
2024,Other classes,Crime victims (U visa),70,12920,12990
2024,Other classes,Iraqi and Afghan U.S. government employees,31500,11760,43260
2024,Other classes,Other,650,300,950
2024,Other classes,Parolees,0,10,10
2024,Other classes,Trafficking victims (T visa),0,570,570
2024,Refugees and asylees,Asylees,0,41650,41650
2024,Refugees and asylees,Refugees,0,178200,178200
